{
	"info": {
		"_postman_id": "eb2970d4-ef5a-4ee2-b353-fe462cf56c12",
		"name": "Book",
		"schema": "https://schema.getpostman.com/json/collection/v2.1.0/collection.json"
	},
	"item": [
		{
			"name": "Save Book",
			"request": {
				"method": "GET",
				"header": [],
				"url": {
					"raw": ""
				},
				"description": "Save a new book"
			},
			"response": []
		},
		{
			"name": "Update Book",
			"request": {
				"method": "GET",
				"header": []
			},
			"response": []
		},
		{
			"name": "Get A Book",
			"request": {
				"method": "GET",
				"header": [],
				"url": {
					"raw": "localhost:8080/rest/book/1",
					"host": [
						"localhost"
					],
					"port": "8080",
					"path": [
						"rest",
						"book",
						"1"
					]
				}
			},
			"response": []
		},
		{
			"name": "Delete A Book",
			"request": {
				"method": "DELETE",
				"header": [],
				"url": {
					"raw": "localhost:8080/rest/book/2",
					"host": [
						"localhost"
					],
					"port": "8080",
					"path": [
						"rest",
						"book",
						"2"
					]
				}
			},
			"response": []
		},
		{
			"name": "Get All Books List",
			"request": {
				"method": "GET",
				"header": [],
				"url": {
					"raw": "localhost:8080/rest/books",
					"host": [
						"localhost"
					],
					"port": "8080",
					"path": [
						"rest",
						"books"
					]
				}
			},
			"response": []
		}
	]
}